tamanho_km,estrato,aadt_min,aadt_max,taxa,medida,controle,n,valor,p_valor,z_sim,nota
5,todos,658.9974999999997,134771.7525,bruta,pearson,nenhum,4540,-0.36229748437261206,7.167872683297357e-141,,
5,todos,658.9974999999997,134771.7525,bruta,pearson,log_aadt,4540,-0.35851945013683756,9.419569218224256e-138,,
5,todos,658.9974999999997,134771.7525,bruta,spearman,nenhum,4540,-0.14265708288802584,4.504240916099781e-22,,
5,todos,658.9974999999997,134771.7525,bruta,spearman,log_aadt,4540,-0.11314003558181421,2.0904280178474725e-14,,
5,todos,658.9974999999997,134771.7525,bruta,moran_bv,nenhum,4540,-0.33008281428315167,0.0001,-23.889932168931026,
5,todos,658.9974999999997,134771.7525,bruta,moran_bv,log_aadt,4540,-0.32249732049431756,0.0001,-23.72976982886867,
5,todos,658.9974999999997,134771.7525,eb,pearson,nenhum,4540,-0.3774918176735551,1.0096188451741246e-153,,
5,todos,658.9974999999997,134771.7525,eb,pearson,log_aadt,4540,-0.3722250760542625,3.713944249810612e-149,,
5,todos,658.9974999999997,134771.7525,eb,spearman,nenhum,4540,-0.15364900579191682,2.189802005345955e-25,,
5,todos,658.9974999999997,134771.7525,eb,spearman,log_aadt,4540,-0.12611819859647186,1.481543172843073e-17,,
5,todos,658.9974999999997,134771.7525,eb,moran_bv,nenhum,4540,-0.3454437231161904,0.0001,-26.015288615590983,
5,todos,658.9974999999997,134771.7525,eb,moran_bv,log_aadt,4540,-0.33610780524315104,0.0001,-24.991627759227992,
5,aadt_tercil_1,658.9974999999997,2997.2974999999997,bruta,pearson,nenhum,1513,-0.27971224157630786,1.3532427978942062e-28,,
5,aadt_tercil_1,658.9974999999997,2997.2974999999997,bruta,spearman,nenhum,1513,0.024933922774550133,0.3324397304323962,,
5,aadt_tercil_1,658.9974999999997,2997.2974999999997,eb,pearson,nenhum,1513,-0.2726236281534912,3.412496755386207e-27,,
5,aadt_tercil_1,658.9974999999997,2997.2974999999997,eb,spearman,nenhum,1513,-0.03525451655455521,0.17050023986129906,,
5,aadt_tercil_2,2998.41,6023.269999999998,bruta,pearson,nenhum,1514,-0.36708011826042614,1.6803279688044707e-49,,
5,aadt_tercil_2,2998.41,6023.269999999998,bruta,spearman,nenhum,1514,-0.1184282133822655,3.827747089893367e-06,,
5,aadt_tercil_2,2998.41,6023.269999999998,eb,pearson,nenhum,1514,-0.37378185079501475,2.1288968151801268e-51,,
5,aadt_tercil_2,2998.41,6023.269999999998,eb,spearman,nenhum,1514,-0.12051160767254568,2.5712208145109954e-06,,
5,aadt_tercil_3,6031.60125,134771.7525,bruta,pearson,nenhum,1513,-0.5242174813031901,1.4656812844048603e-107,,
5,aadt_tercil_3,6031.60125,134771.7525,bruta,spearman,nenhum,1513,-0.3091024358765537,7.41407462230984e-35,,
5,aadt_tercil_3,6031.60125,134771.7525,eb,pearson,nenhum,1513,-0.5203495492848942,9.82147596525654e-106,,
5,aadt_tercil_3,6031.60125,134771.7525,eb,spearman,nenhum,1513,-0.3111138042664647,2.596663248848357e-35,,
10,todos,630.8908333333334,122400.62925000001,bruta,pearson,nenhum,2329,-0.39214576987816735,1.785839349778164e-86,,
10,todos,630.8908333333334,122400.62925000001,bruta,pearson,log_aadt,2329,-0.38892102760383207,6.207070238596455e-85,,
10,todos,630.8908333333334,122400.62925000001,bruta,spearman,nenhum,2329,-0.1084533932136225,1.549304481148113e-07,,
10,todos,630.8908333333334,122400.62925000001,bruta,spearman,log_aadt,2329,-0.08203648310321346,7.408762083854919e-05,,
10,todos,630.8908333333334,122400.62925000001,bruta,moran_bv,nenhum,2329,-0.2757619036336655,0.0001,-15.859637589088583,
10,todos,630.8908333333334,122400.62925000001,bruta,moran_bv,log_aadt,2329,-0.266689203228935,0.0001,-15.529244652531192,
10,todos,630.8908333333334,122400.62925000001,eb,pearson,nenhum,2329,-0.3960813989320441,2.4645458793010673e-88,,
10,todos,630.8908333333334,122400.62925000001,eb,pearson,log_aadt,2329,-0.3922325609911699,1.7679208072772915e-86,,
10,todos,630.8908333333334,122400.62925000001,eb,spearman,nenhum,2329,-0.1152651898253873,2.429082298254548e-08,,
10,todos,630.8908333333334,122400.62925000001,eb,spearman,log_aadt,2329,-0.08995486201539167,1.3817126075420156e-05,,
10,todos,630.8908333333334,122400.62925000001,eb,moran_bv,nenhum,2329,-0.28046994085629434,0.0001,-16.29574153552512,
10,todos,630.8908333333334,122400.62925000001,eb,moran_bv,log_aadt,2329,-0.2704624212790595,0.0001,-15.978941089603481,
10,aadt_tercil_1,630.8908333333334,2995.1769999999997,bruta,pearson,nenhum,775,-0.2614329892960867,1.4116454554495414e-13,,
10,aadt_tercil_1,630.8908333333334,2995.1769999999997,bruta,spearman,nenhum,775,0.02915239090827891,0.4176927872174862,,
10,aadt_tercil_1,630.8908333333334,2995.1769999999997,eb,pearson,nenhum,775,-0.2587705470091937,2.5314283857321276e-13,,
10,aadt_tercil_1,630.8908333333334,2995.1769999999997,eb,spearman,nenhum,775,-0.004938465475997697,0.8908252951729003,,
10,aadt_tercil_2,2997.2974999999997,5912.44375,bruta,pearson,nenhum,779,-0.41037101249111646,5.328339345991309e-33,,
10,aadt_tercil_2,2997.2974999999997,5912.44375,bruta,spearman,nenhum,779,-0.056901367625744166,0.11253863175677516,,
10,aadt_tercil_2,2997.2974999999997,5912.44375,eb,pearson,nenhum,779,-0.4029081712613282,9.149403126484969e-32,,
10,aadt_tercil_2,2997.2974999999997,5912.44375,eb,spearman,nenhum,779,-0.05934882112287086,0.09787201477386254,,
10,aadt_tercil_3,5912.824,122400.62925000001,bruta,pearson,nenhum,775,-0.511732897914725,6.030080950362522e-53,,
10,aadt_tercil_3,5912.824,122400.62925000001,bruta,spearman,nenhum,775,-0.2815970288059064,1.3615450151708246e-15,,
10,aadt_tercil_3,5912.824,122400.62925000001,eb,pearson,nenhum,775,-0.5206588399956931,4.614611022051985e-55,,
10,aadt_tercil_3,5912.824,122400.62925000001,eb,spearman,nenhum,775,-0.2833449136784923,8.939329733406145e-16,,
20,todos,548.6285294117647,116232.87908333335,bruta,pearson,nenhum,1206,-0.36664819991447206,1.1236931409745867e-39,,
20,todos,548.6285294117647,116232.87908333335,bruta,pearson,log_aadt,1206,-0.3649002803803313,2.950176045644083e-39,,
20,todos,548.6285294117647,116232.87908333335,bruta,spearman,nenhum,1206,-0.06111600001624221,0.033821816414679365,,
20,todos,548.6285294117647,116232.87908333335,bruta,spearman,log_aadt,1206,-0.04390412598783378,0.12770829671376438,,
20,todos,548.6285294117647,116232.87908333335,bruta,moran_bv,nenhum,1206,-0.12591227741600988,0.0005,-5.138966716933186,
20,todos,548.6285294117647,116232.87908333335,bruta,moran_bv,log_aadt,1206,-0.12048243801709252,0.0007,-4.917274036965702,
20,todos,548.6285294117647,116232.87908333335,eb,pearson,nenhum,1206,-0.36897766544685884,3.3870322292972083e-40,,
20,todos,548.6285294117647,116232.87908333335,eb,pearson,log_aadt,1206,-0.36701861519260465,9.993366179948519e-40,,
20,todos,548.6285294117647,116232.87908333335,eb,spearman,nenhum,1206,-0.06664873729286296,0.020628334600382263,,
20,todos,548.6285294117647,116232.87908333335,eb,spearman,log_aadt,1206,-0.05010786527065075,0.08208985764449588,,
20,todos,548.6285294117647,116232.87908333335,eb,moran_bv,nenhum,1206,-0.12955598759963766,0.0004,-5.365984404936871,
20,todos,548.6285294117647,116232.87908333335,eb,moran_bv,log_aadt,1206,-0.1238075565217672,0.0005,-5.025731725869039,
20,aadt_tercil_1,548.6285294117647,2994.1675000000005,bruta,pearson,nenhum,402,-0.208093453281936,2.6062834110364585e-05,,
20,aadt_tercil_1,548.6285294117647,2994.1675000000005,bruta,spearman,nenhum,402,0.05023706547115499,0.3150181706661182,,
20,aadt_tercil_1,548.6285294117647,2994.1675000000005,eb,pearson,nenhum,402,-0.2091446203189202,2.367038441686847e-05,,
20,aadt_tercil_1,548.6285294117647,2994.1675000000005,eb,spearman,nenhum,402,0.029376291910209882,0.557011971146315,,
20,aadt_tercil_2,2997.297500000001,5900.221249999999,bruta,pearson,nenhum,402,-0.5182124229515361,5.258523840742309e-29,,
20,aadt_tercil_2,2997.297500000001,5900.221249999999,bruta,spearman,nenhum,402,-0.04742073524320927,0.34294838291339386,,
20,aadt_tercil_2,2997.297500000001,5900.221249999999,eb,pearson,nenhum,402,-0.5154834942717551,1.1414196826917374e-28,,
20,aadt_tercil_2,2997.297500000001,5900.221249999999,eb,spearman,nenhum,402,-0.05029239176802583,0.31448483767358093,,
20,aadt_tercil_3,5900.404285714283,116232.87908333335,bruta,pearson,nenhum,402,-0.48006915865017097,1.449829441220869e-24,,
20,aadt_tercil_3,5900.404285714283,116232.87908333335,bruta,spearman,nenhum,402,-0.19825512939097203,6.269708149988022e-05,,
20,aadt_tercil_3,5900.404285714283,116232.87908333335,eb,pearson,nenhum,402,-0.48775574126679044,2.0454479849111886e-25,,
20,aadt_tercil_3,5900.404285714283,116232.87908333335,eb,spearman,nenhum,402,-0.20028796394437773,5.2477515676715047e-05,,
