bloco,semente,cenario,n,n_testes_fdr,ilhas,fdr_cutoff,hh_antes,bb_antes,ab_antes,ba_antes,hh_depois,bb_depois,ab_depois,ba_depois,hh_c1,hh_c2,hh_c3,hh_c4,efeito_cobertura_do_bin,efeito_multiplicidade,efeito_vizinhanca,queda_total,br,uf,km_inicial,km_final,sinistros,exposicao_veic_km,km_com_exposicao,anos_utilizaveis,anos_lista,taxa_por_100M_veic_km,pertence_balanceado,quadrante,p_sim,significativo_fdr,vmda_implicito,vmda_implicito_km_exposicao,vmda_suspeito
cenario,12345,completo,2329,2329,2,0.00045083726921425505,96,267,1,13,3,17,1,0,,,,,,,,,,,,,,,,,,,,,,,,,
cenario,12345,completo_so_balanceados_fdr_completo,1851,2329,2,0.00045083726921425505,29,211,0,8,0,17,0,0,,,,,,,,,,,,,,,,,,,,,,,,,
cenario,12345,completo_restrito_1851,1851,1851,2,0.00045921123716909784,29,211,0,8,0,17,0,0,,,,,,,,,,,,,,,,,,,,,,,,,
cenario,12345,balanceado,1851,1851,18,0.0014316585629389521,70,202,15,13,0,38,14,1,,,,,,,,,,,,,,,,,,,,,,,,,
cenario,1,completo,2329,2329,2,0.00015027908973808503,98,272,1,14,1,5,1,0,,,,,,,,,,,,,,,,,,,,,,,,,
cenario,1,completo_so_balanceados_fdr_completo,1851,2329,2,0.00015027908973808503,29,216,0,8,0,5,0,0,,,,,,,,,,,,,,,,,,,,,,,,,
cenario,1,completo_restrito_1851,1851,1851,2,0.0001350621285791464,29,216,0,8,0,5,0,0,,,,,,,,,,,,,,,,,,,,,,,,,
cenario,1,balanceado,1851,1851,18,0.0014586709886547813,74,210,15,13,1,38,14,1,,,,,,,,,,,,,,,,,,,,,,,,,
cenario,2,completo,2329,2329,2,0.00017174753112924002,97,283,1,14,2,5,1,0,,,,,,,,,,,,,,,,,,,,,,,,,
cenario,2,completo_so_balanceados_fdr_completo,1851,2329,2,0.00017174753112924002,29,225,0,8,0,5,0,0,,,,,,,,,,,,,,,,,,,,,,,,,
cenario,2,completo_restrito_1851,1851,1851,2,0.0001350621285791464,29,225,0,8,0,5,0,0,,,,,,,,,,,,,,,,,,,,,,,,,
cenario,2,balanceado,1851,1851,18,0.0009994597514856834,70,209,15,13,0,22,14,1,,,,,,,,,,,,,,,,,,,,,,,,,
cenario,3,completo,2329,2329,2,0.00015027908973808503,101,274,1,14,1,5,1,0,,,,,,,,,,,,,,,,,,,,,,,,,
cenario,3,completo_so_balanceados_fdr_completo,1851,2329,2,0.00015027908973808503,31,217,0,8,0,5,0,0,,,,,,,,,,,,,,,,,,,,,,,,,
cenario,3,completo_restrito_1851,1851,1851,2,0.0001350621285791464,31,217,0,8,0,5,0,0,,,,,,,,,,,,,,,,,,,,,,,,,
cenario,3,balanceado,1851,1851,18,0.0007833603457590493,78,209,15,14,0,14,14,1,,,,,,,,,,,,,,,,,,,,,,,,,
cenario,4,completo,2329,2329,2,0.00017174753112924002,95,275,1,14,2,5,1,0,,,,,,,,,,,,,,,,,,,,,,,,,
cenario,4,completo_so_balanceados_fdr_completo,1851,2329,2,0.00017174753112924002,29,218,0,8,0,5,0,0,,,,,,,,,,,,,,,,,,,,,,,,,
cenario,4,completo_restrito_1851,1851,1851,2,0.0001350621285791464,29,218,0,8,0,5,0,0,,,,,,,,,,,,,,,,,,,,,,,,,
cenario,4,balanceado,1851,1851,18,0.00075634792004322,69,201,15,12,0,14,14,0,,,,,,,,,,,,,,,,,,,,,,,,,
decomposicao,12345,,,,,,,,,,,,,,3,0,0,0,3,0,0,3,,,,,,,,,,,,,,,,,
decomposicao,1,,,,,,,,,,,,,,1,0,0,1,1,0,-1,0,,,,,,,,,,,,,,,,,
decomposicao,2,,,,,,,,,,,,,,2,0,0,0,2,0,0,2,,,,,,,,,,,,,,,,,
decomposicao,3,,,,,,,,,,,,,,1,0,0,0,1,0,0,1,,,,,,,,,,,,,,,,,
decomposicao,4,,,,,,,,,,,,,,2,0,0,0,2,0,0,2,,,,,,,,,,,,,,,,,
hh_sobrevivente,,completo,,,,0.00045083726921425505,,,,,,,,,,,,,,,,,364,AC,110,120,39,20550339.499999996,10.0,3,2018;2024;2025,189.77788663783392,False,alto-alto,0.0004,True,1876.7433333333329,1876.7433333333329,True
hh_sobrevivente,,completo_so_balanceados_fdr_completo,,,,0.00045083726921425505,,,,,,,,,,,,,,,,,364,AC,110,120,39,20550339.499999996,10.0,3,2018;2024;2025,189.77788663783392,False,alto-alto,0.0004,False,1876.7433333333329,1876.7433333333329,True
hh_sobrevivente,,completo_restrito_1851,,,,0.00045921123716909784,,,,,,,,,,,,,,,,,364,AC,110,120,39,20550339.499999996,10.0,3,2018;2024;2025,189.77788663783392,False,alto-alto,0.0004,False,1876.7433333333329,1876.7433333333329,True
hh_sobrevivente,,completo,,,,0.00045083726921425505,,,,,,,,,,,,,,,,,364,AC,120,130,296,8289905.550000001,9.0,4,2017;2018;2024;2025,3570.6076289373405,False,alto-alto,0.0003,True,567.8017500000001,630.8908333333334,True
hh_sobrevivente,,completo_so_balanceados_fdr_completo,,,,0.00045083726921425505,,,,,,,,,,,,,,,,,364,AC,120,130,296,8289905.550000001,9.0,4,2017;2018;2024;2025,3570.6076289373405,False,alto-alto,0.0003,False,567.8017500000001,630.8908333333334,True
hh_sobrevivente,,completo_restrito_1851,,,,0.00045921123716909784,,,,,,,,,,,,,,,,,364,AC,120,130,296,8289905.550000001,9.0,4,2017;2018;2024;2025,3570.6076289373405,False,alto-alto,0.0003,False,567.8017500000001,630.8908333333334,True
hh_sobrevivente,,completo,,,,0.00045083726921425505,,,,,,,,,,,,,,,,,364,AC,130,140,104,5327054.549999999,8.0,1,2017,1952.2983859814244,False,alto-alto,0.0001,True,1459.4669999999996,1824.3337499999996,True
hh_sobrevivente,,completo_so_balanceados_fdr_completo,,,,0.00045083726921425505,,,,,,,,,,,,,,,,,364,AC,130,140,104,5327054.549999999,8.0,1,2017,1952.2983859814244,False,alto-alto,0.0001,False,1459.4669999999996,1824.3337499999996,True
hh_sobrevivente,,completo_restrito_1851,,,,0.00045921123716909784,,,,,,,,,,,,,,,,,364,AC,130,140,104,5327054.549999999,8.0,1,2017,1952.2983859814244,False,alto-alto,0.0001,False,1459.4669999999996,1824.3337499999996,True
