tamanho_km,bloco,estrato,medida,n,n_valores_c,valor,p_valor,nota
5,dispersao,anos_1_3,media,120,3,381.6932589787257,,
5,dispersao,anos_1_3,mediana,120,3,186.68051049265563,,
5,dispersao,anos_1_3,variancia,120,3,390584.08582226414,,
5,dispersao,anos_1_3,dp,120,3,624.9672678006938,,
5,dispersao,anos_1_3,cv,120,3,1.6373547425827801,,
5,dispersao,anos_1_3,diq,120,3,384.2840856827827,,
5,dispersao,anos_1_3,exposicao_mediana,120,3,15984682.25,,
5,dispersao,anos_1_3,variancia_poisson_esperada,120,3,1928.770839362219,,
5,dispersao,anos_1_3,razao_var_obs_poisson,120,3,202.50414297606108,,
5,dispersao,anos_4_6,media,473,3,95.39545245588673,,
5,dispersao,anos_4_6,mediana,473,3,41.4278135050794,,
5,dispersao,anos_4_6,variancia,473,3,28700.536218301888,,
5,dispersao,anos_4_6,dp,473,3,169.4123260518605,,
5,dispersao,anos_4_6,cv,473,3,1.7758951993041918,,
5,dispersao,anos_4_6,diq,473,3,76.54214366040262,,
5,dispersao,anos_4_6,exposicao_mediana,473,3,39652289.650000006,,
5,dispersao,anos_4_6,variancia_poisson_esperada,473,3,347.27276218449947,,
5,dispersao,anos_4_6,razao_var_obs_poisson,473,3,82.64551483324752,,
5,dispersao,anos_7_9,media,3947,2,41.211304457371675,,
5,dispersao,anos_7_9,mediana,3947,2,30.3901458128793,,
5,dispersao,anos_7_9,variancia,3947,2,3203.5222939081136,,
5,dispersao,anos_7_9,dp,3947,2,56.59966690633536,,
5,dispersao,anos_7_9,cv,3947,2,1.373401489023022,,
5,dispersao,anos_7_9,diq,3947,2,30.889762016549756,,
5,dispersao,anos_7_9,exposicao_mediana,3947,2,61485125.999999985,,
5,dispersao,anos_7_9,variancia_poisson_esperada,3947,2,92.5119938836679,,
5,dispersao,anos_7_9,razao_var_obs_poisson,3947,2,34.628183432479936,,
5,dispersao,anos_1,media,83,1,417.1747791222926,,
5,dispersao,anos_1,mediana,83,1,242.20209222705915,,
5,dispersao,anos_1,variancia,83,1,350361.59727454407,,
5,dispersao,anos_1,dp,83,1,591.9135048928551,,
5,dispersao,anos_1,cv,83,1,1.4188621520653788,,
5,dispersao,anos_1,diq,83,1,484.2456200097958,,
5,dispersao,anos_1,exposicao_mediana,83,1,15348242.7,,
5,dispersao,anos_1,variancia_poisson_esperada,83,1,2574.6512849260475,,
5,dispersao,anos_1,razao_var_obs_poisson,83,1,136.0811847902764,,
5,dispersao,anos_2,media,18,1,295.34465541659307,,
5,dispersao,anos_2,mediana,18,1,131.22487183473163,,
5,dispersao,anos_2,variancia,18,1,408709.64661993476,,
5,dispersao,anos_2,dp,18,1,639.3040330077191,,
5,dispersao,anos_2,cv,18,1,2.1646033584252957,,
5,dispersao,anos_2,diq,18,1,152.56974089219224,,
5,dispersao,anos_2,exposicao_mediana,18,1,24017594.95,,
5,dispersao,anos_2,variancia_poisson_esperada,18,1,1213.650191857342,,
5,dispersao,anos_2,razao_var_obs_poisson,18,1,336.7606657684905,,
5,dispersao,anos_3,media,19,1,308.4989796209537,,
5,dispersao,anos_3,mediana,19,1,96.19951201595036,,
5,dispersao,anos_3,variancia,19,1,581183.2919497363,,
5,dispersao,anos_3,dp,19,1,762.3537839807292,,
5,dispersao,anos_3,cv,19,1,2.471171168596465,,
5,dispersao,anos_3,diq,19,1,176.0099444574849,,
5,dispersao,anos_3,exposicao_mediana,19,1,21212540.75,,
5,dispersao,anos_3,variancia_poisson_esperada,19,1,858.3232484420439,,
5,dispersao,anos_3,razao_var_obs_poisson,19,1,677.1147035859174,,
5,dispersao,anos_4,media,110,1,46.33751452233137,,
5,dispersao,anos_4,mediana,110,1,23.75399178408809,,
5,dispersao,anos_4,variancia,110,1,6113.743252552547,,
5,dispersao,anos_4,dp,110,1,78.19042941788047,,
5,dispersao,anos_4,cv,110,1,1.6874109503693442,,
5,dispersao,anos_4,diq,110,1,42.06783897970722,,
5,dispersao,anos_4,exposicao_mediana,110,1,17405025.0,,
5,dispersao,anos_4,variancia_poisson_esperada,110,1,924.7433260077175,,
5,dispersao,anos_4,razao_var_obs_poisson,110,1,6.611286700436835,,
5,dispersao,anos_5,media,236,1,129.04471232778175,,
5,dispersao,anos_5,mediana,236,1,53.74251786865228,,
5,dispersao,anos_5,variancia,236,1,41011.98607446495,,
5,dispersao,anos_5,dp,236,1,202.51416265156604,,
5,dispersao,anos_5,cv,236,1,1.5693332876527883,,
5,dispersao,anos_5,diq,236,1,92.71781505738306,,
5,dispersao,anos_5,exposicao_mediana,236,1,59807100.55,,
5,dispersao,anos_5,variancia_poisson_esperada,236,1,230.24279867893918,,
5,dispersao,anos_5,razao_var_obs_poisson,236,1,178.12494596911972,,
5,dispersao,anos_6,media,127,1,75.35724649465729,,
5,dispersao,anos_6,mediana,127,1,32.13745624193518,,
5,dispersao,anos_6,variancia,127,1,21107.08560596695,,
5,dispersao,anos_6,dp,127,1,145.28277807767495,,
5,dispersao,anos_6,cv,127,1,1.9279204699706654,,
5,dispersao,anos_6,diq,127,1,81.52638664328302,,
5,dispersao,anos_6,exposicao_mediana,127,1,30530388.5,,
5,dispersao,anos_6,variancia_poisson_esperada,127,1,287.9707512459085,,
5,dispersao,anos_6,razao_var_obs_poisson,127,1,73.29593548874988,,
5,dispersao,anos_7,media,468,1,54.021373206504855,,
5,dispersao,anos_7,mediana,468,1,33.119764531489245,,
5,dispersao,anos_7,variancia,468,1,8605.829764371456,,
5,dispersao,anos_7,dp,468,1,92.76761161295173,,
5,dispersao,anos_7,cv,468,1,1.7172390501502715,,
5,dispersao,anos_7,diq,468,1,36.103993973013054,,
5,dispersao,anos_7,exposicao_mediana,468,1,57252075.0,,
5,dispersao,anos_7,variancia_poisson_esperada,468,1,125.1896945627884,,
5,dispersao,anos_7,razao_var_obs_poisson,468,1,68.74231776366572,,
5,dispersao,anos_8,media,3479,1,39.488075893245686,,
5,dispersao,anos_8,mediana,3479,1,30.048763132811928,,
5,dispersao,anos_8,variancia,3479,1,2454.010271460675,,
5,dispersao,anos_8,dp,3479,1,49.53796797871987,,
5,dispersao,anos_8,cv,3479,1,1.2545044765575217,,
5,dispersao,anos_8,diq,3479,1,30.369550220858546,,
5,dispersao,anos_8,exposicao_mediana,3479,1,62096026.499999985,,
5,dispersao,anos_8,variancia_poisson_esperada,3479,1,87.7678275953944,,
5,dispersao,anos_8,razao_var_obs_poisson,3479,1,27.9602485180965,,
5,teste_dispersao,todos,brown_forsythe_classes,4540,8,406.15244782250875,5.463014113857639e-163,"gl=2,4537"
5,teste_dispersao,todos,brown_forsythe_anos,4540,8,115.60178457726192,1.3872497333019826e-156,"gl=7,4532"
5,teste_dispersao,todos,spearman_c_desvio_abs,4540,8,-0.22449216255688,5.804336502951304e-53,
5,associacao,todos,pearson,4540,8,-0.36229748437261206,7.167872683297357e-141,
5,associacao,todos,spearman,4540,8,-0.14265708288802584,4.504240916099781e-22,
5,associacao,todos,pearson_ponderado,4540,8,-0.27884410739879095,7.407028123430791e-34,
5,associacao,anos_1_3,pearson,120,3,-0.07719620540551958,0.40200694427043804,
5,associacao,anos_1_3,spearman,120,3,-0.2005374589998876,0.02808161930951485,
5,associacao,anos_1_3,pearson_ponderado,120,3,-0.1477554404497508,0.3271160201542396,
5,associacao,anos_4_6,pearson,473,3,0.050390298890676005,0.2740813947285674,
5,associacao,anos_4_6,spearman,473,3,0.06998351434180229,0.12854173012530878,
5,associacao,anos_4_6,pearson_ponderado,473,3,-0.12567684735315623,0.11216426386447942,
5,associacao,anos_7_9,pearson,3947,2,-0.08302106879498024,1.7587825382790215e-07,
5,associacao,anos_7_9,spearman,3947,2,-0.04251812645054466,0.00754973604020138,
5,associacao,anos_7_9,pearson_ponderado,3947,2,-0.08325127034239838,0.0006654337402306178,
10,dispersao,anos_1_3,media,54,3,413.4940148795731,,
10,dispersao,anos_1_3,mediana,54,3,245.6865434560308,,
10,dispersao,anos_1_3,variancia,54,3,253720.93363011142,,
10,dispersao,anos_1_3,dp,54,3,503.70719036967444,,
10,dispersao,anos_1_3,cv,54,3,1.2181728688778608,,
10,dispersao,anos_1_3,diq,54,3,477.94275177490863,,
10,dispersao,anos_1_3,exposicao_mediana,54,3,26978128.200000003,,
10,dispersao,anos_1_3,variancia_poisson_esperada,54,3,1213.3401055522795,,
10,dispersao,anos_1_3,razao_var_obs_poisson,54,3,209.10949244080624,,
10,dispersao,anos_4_6,media,204,3,132.07251284033626,,
10,dispersao,anos_4_6,mediana,204,3,38.75784822799124,,
10,dispersao,anos_4_6,variancia,204,3,105082.07782839282,,
10,dispersao,anos_4_6,dp,204,3,324.16365901870125,,
10,dispersao,anos_4_6,cv,204,3,2.454436975925383,,
10,dispersao,anos_4_6,diq,204,3,76.97364639779393,,
10,dispersao,anos_4_6,exposicao_mediana,204,3,57932179.499999985,,
10,dispersao,anos_4_6,variancia_poisson_esperada,204,3,260.07194936142474,,
10,dispersao,anos_4_6,razao_var_obs_poisson,204,3,404.05002571945636,,
10,dispersao,anos_7_9,media,2071,2,44.56175513326659,,
10,dispersao,anos_7_9,mediana,2071,2,32.02660849065914,,
10,dispersao,anos_7_9,variancia,2071,2,3428.681880613643,,
10,dispersao,anos_7_9,dp,2071,2,58.55494753318154,,
10,dispersao,anos_7_9,cv,2071,2,1.314017981519508,,
10,dispersao,anos_7_9,diq,2071,2,31.832382551599665,,
10,dispersao,anos_7_9,exposicao_mediana,2071,2,120469162.5,,
10,dispersao,anos_7_9,variancia_poisson_esperada,2071,2,53.22090228157856,,
10,dispersao,anos_7_9,razao_var_obs_poisson,2071,2,64.42359549774898,,
10,dispersao,anos_1,media,37,1,478.6352594068215,,
10,dispersao,anos_1,mediana,37,1,274.24619818421957,,
10,dispersao,anos_1,variancia,37,1,312176.7739428372,,
10,dispersao,anos_1,dp,37,1,558.7278174056105,,
10,dispersao,anos_1,cv,37,1,1.167335265057674,,
10,dispersao,anos_1,diq,37,1,467.63743381679706,,
10,dispersao,anos_1,exposicao_mediana,37,1,25906221.75,,
10,dispersao,anos_1,variancia_poisson_esperada,37,1,1371.5148623459704,,
10,dispersao,anos_1,razao_var_obs_poisson,37,1,227.61457605268683,,
10,dispersao,anos_2,media,7,1,247.56518954544944,,
10,dispersao,anos_2,mediana,7,1,93.56850385726099,,
10,dispersao,anos_2,variancia,7,1,71746.36731825555,,
10,dispersao,anos_2,dp,7,1,267.8551237483718,,
10,dispersao,anos_2,cv,7,1,1.0819579450575276,,
10,dispersao,anos_2,diq,7,1,515.1405157960615,,
10,dispersao,anos_2,exposicao_mediana,7,1,32062070.849999998,,
10,dispersao,anos_2,variancia_poisson_esperada,7,1,859.315063331635,,
10,dispersao,anos_2,razao_var_obs_poisson,7,1,83.4925051122565,,
10,dispersao,anos_3,media,10,1,288.62158786264075,,
10,dispersao,anos_3,mediana,10,1,161.71075222971405,,
10,dispersao,anos_3,variancia,10,1,141411.60404324796,,
10,dispersao,anos_3,dp,10,1,376.04734282168243,,
10,dispersao,anos_3,cv,10,1,1.3029078857422436,,
10,dispersao,anos_3,diq,10,1,389.16655135296594,,
10,dispersao,anos_3,exposicao_mediana,10,1,26491468.224999998,,
10,dispersao,anos_3,variancia_poisson_esperada,10,1,1029.3327217777228,,
10,dispersao,anos_3,razao_var_obs_poisson,10,1,137.3818213016887,,
10,dispersao,anos_4,media,48,1,125.09240672801468,,
10,dispersao,anos_4,mediana,48,1,21.637128343364523,,
10,dispersao,anos_4,variancia,48,1,277416.1224325476,,
10,dispersao,anos_4,dp,48,1,526.7030685619247,,
10,dispersao,anos_4,cv,48,1,4.210511911463357,,
10,dispersao,anos_4,diq,48,1,32.80651177352588,,
10,dispersao,anos_4,exposicao_mediana,48,1,33678550.0,,
10,dispersao,anos_4,variancia_poisson_esperada,48,1,695.8129814176228,,
10,dispersao,anos_4,razao_var_obs_poisson,48,1,398.69351369005875,,
10,dispersao,anos_5,media,106,1,162.27369165730855,,
10,dispersao,anos_5,mediana,106,1,57.73316448329601,,
10,dispersao,anos_5,variancia,106,1,63874.79912806397,,
10,dispersao,anos_5,dp,106,1,252.7346417253954,,
10,dispersao,anos_5,cv,106,1,1.5574591244224807,,
10,dispersao,anos_5,diq,106,1,153.23108670945254,,
10,dispersao,anos_5,exposicao_mediana,106,1,96786942.325,,
10,dispersao,anos_5,variancia_poisson_esperada,106,1,214.0481760037551,,
10,dispersao,anos_5,razao_var_obs_poisson,106,1,298.41319052839486,,
10,dispersao,anos_6,media,50,1,74.74691561618367,,
10,dispersao,anos_6,mediana,50,1,20.01533799602485,,
10,dispersao,anos_6,variancia,50,1,26998.295792298617,,
10,dispersao,anos_6,dp,50,1,164.31158143082493,,
10,dispersao,anos_6,cv,50,1,2.1982389517521357,,
10,dispersao,anos_6,diq,50,1,79.41175205397191,,
10,dispersao,anos_6,exposicao_mediana,50,1,43115117.64999999,,
10,dispersao,anos_6,variancia_poisson_esperada,50,1,182.41550202753194,,
10,dispersao,anos_6,razao_var_obs_poisson,50,1,148.00439377254116,,
10,dispersao,anos_7,media,220,1,56.49526195803263,,
10,dispersao,anos_7,mediana,220,1,34.32665137327318,,
10,dispersao,anos_7,variancia,220,1,8200.600421557448,,
10,dispersao,anos_7,dp,220,1,90.5571665941324,,
10,dispersao,anos_7,cv,220,1,1.602916128814529,,
10,dispersao,anos_7,diq,220,1,35.28424185881222,,
10,dispersao,anos_7,exposicao_mediana,220,1,113010204.99999994,,
10,dispersao,anos_7,variancia_poisson_esperada,220,1,65.32794098355662,,
10,dispersao,anos_7,razao_var_obs_poisson,220,1,125.52975492709287,,
10,dispersao,anos_8,media,1851,1,43.143402080079916,,
10,dispersao,anos_8,mediana,1851,1,31.81010527781379,,
10,dispersao,anos_8,variancia,1851,1,2846.6953557482425,,
10,dispersao,anos_8,dp,1851,1,53.35443145370628,,
10,dispersao,anos_8,cv,1851,1,1.23667649933293,,
10,dispersao,anos_8,diq,1851,1,31.402021684158232,,
10,dispersao,anos_8,exposicao_mediana,1851,1,121558753.20000003,,
10,dispersao,anos_8,variancia_poisson_esperada,1851,1,51.53882469095786,,
10,dispersao,anos_8,razao_var_obs_poisson,1851,1,55.233998307448324,,
10,teste_dispersao,todos,brown_forsythe_classes,2329,8,202.72572572569004,6.941753487382913e-82,"gl=2,2326"
10,teste_dispersao,todos,brown_forsythe_anos,2329,8,58.737887600300496,7.76972001243722e-78,"gl=7,2321"
10,teste_dispersao,todos,spearman_c_desvio_abs,2329,8,-0.21430388941770076,1.3406600908907563e-25,
10,associacao,todos,pearson,2329,8,-0.39214576987816735,1.785839349778164e-86,
10,associacao,todos,spearman,2329,8,-0.1084533932136225,1.549304481148113e-07,
10,associacao,todos,pearson_ponderado,2329,8,-0.2747642866711644,6.203872886019038e-18,
10,associacao,anos_1_3,pearson,54,3,-0.1723923634731864,0.21256795432303205,
10,associacao,anos_1_3,spearman,54,3,-0.17220098625537442,0.21308383586145627,
10,associacao,anos_1_3,pearson_ponderado,54,3,-0.09693988901568139,0.7019733086494117,
10,associacao,anos_4_6,pearson,204,3,-0.05536693667361649,0.4315498460891347,
10,associacao,anos_4_6,spearman,204,3,0.05400165373891177,0.4430111331196445,
10,associacao,anos_4_6,pearson_ponderado,204,3,-0.10871373318488765,0.3924919250359566,
10,associacao,anos_7_9,pearson,2071,2,-0.07027769314425833,0.0013731289413936728,
10,associacao,anos_7_9,spearman,2071,2,-0.03490967020590655,0.11224053177379184,
10,associacao,anos_7_9,pearson_ponderado,2071,2,-0.06608740396765075,0.04860149881650726,
20,dispersao,anos_1_3,media,22,3,601.9872074194034,,
20,dispersao,anos_1_3,mediana,22,3,369.99525715249024,,
20,dispersao,anos_1_3,variancia,22,3,548514.5999516291,,
20,dispersao,anos_1_3,dp,22,3,740.6177151213905,,
20,dispersao,anos_1_3,cv,22,3,1.230288129038934,,
20,dispersao,anos_1_3,diq,22,3,621.5655257372447,,
20,dispersao,anos_1_3,exposicao_mediana,22,3,43937344.025000006,,
20,dispersao,anos_1_3,variancia_poisson_esperada,22,3,1024.5803864593665,,
20,dispersao,anos_1_3,razao_var_obs_poisson,22,3,535.3553583502863,,
20,dispersao,anos_4_6,media,76,3,179.46859854232144,,
20,dispersao,anos_4_6,mediana,76,3,31.251166654966383,,
20,dispersao,anos_4_6,variancia,76,3,328562.0821068532,,
20,dispersao,anos_4_6,dp,76,3,573.2033514441914,,
20,dispersao,anos_4_6,cv,76,3,3.193892168880013,,
20,dispersao,anos_4_6,diq,76,3,82.49308357947889,,
20,dispersao,anos_4_6,exposicao_mediana,76,3,76263100.0,,
20,dispersao,anos_4_6,variancia_poisson_esperada,76,3,207.0324735873383,,
20,dispersao,anos_4_6,razao_var_obs_poisson,76,3,1587.007469957348,,
20,dispersao,anos_7_9,media,1108,2,49.189475963813614,,
20,dispersao,anos_7_9,mediana,1108,2,33.99680525748144,,
20,dispersao,anos_7_9,variancia,1108,2,4392.665362877677,,
20,dispersao,anos_7_9,dp,1108,2,66.27718584005869,,
20,dispersao,anos_7_9,cv,1108,2,1.3473854832040841,,
20,dispersao,anos_7_9,diq,1108,2,33.28717922779013,,
20,dispersao,anos_7_9,exposicao_mediana,1108,2,234386016.54999995,,
20,dispersao,anos_7_9,variancia_poisson_esperada,1108,2,33.90221116679105,,
20,dispersao,anos_7_9,razao_var_obs_poisson,1108,2,129.56869807891815,,
20,dispersao,anos_1,media,16,1,462.2264707508147,,
20,dispersao,anos_1,mediana,16,1,305.0847371751377,,
20,dispersao,anos_1,variancia,16,1,323050.1673851867,,
20,dispersao,anos_1,dp,16,1,568.3750235409599,,
20,dispersao,anos_1,cv,16,1,1.229646200525304,,
20,dispersao,anos_1,diq,16,1,463.2808145898306,,
20,dispersao,anos_1,exposicao_mediana,16,1,55932641.974999994,,
20,dispersao,anos_1,variancia_poisson_esperada,16,1,702.6924714705086,,
20,dispersao,anos_1,razao_var_obs_poisson,16,1,459.7319318209671,,
20,dispersao,anos_2,media,2,1,1225.2870166422367,,
20,dispersao,anos_2,mediana,2,1,1225.2870166422367,,
20,dispersao,anos_2,variancia,2,1,2988493.232811385,,
20,dispersao,anos_2,dp,2,1,1728.725898692845,,
20,dispersao,anos_2,cv,2,1,1.4108742484109777,,
20,dispersao,anos_2,diq,2,1,3667.181417335558,,
20,dispersao,anos_2,exposicao_mediana,2,1,23246667.5,,
20,dispersao,anos_2,variancia_poisson_esperada,2,1,3552.9544977359765,,
20,dispersao,anos_2,razao_var_obs_poisson,2,1,841.1290475900327,,
20,dispersao,anos_3,media,4,1,849.3802494823415,,
20,dispersao,anos_3,mediana,4,1,574.2955003298498,,
20,dispersao,anos_3,variancia,4,1,783404.4219232064,,
20,dispersao,anos_3,dp,4,1,885.1013625134731,,
20,dispersao,anos_3,cv,4,1,1.042055502294646,,
20,dispersao,anos_3,diq,4,1,1576.4050873856909,,
20,dispersao,anos_3,exposicao_mediana,4,1,38250861.2,,
20,dispersao,anos_3,variancia_poisson_esperada,4,1,2197.655998433912,,
20,dispersao,anos_3,razao_var_obs_poisson,4,1,356.47272479472406,,
20,dispersao,anos_4,media,20,1,251.39808804781325,,
20,dispersao,anos_4,mediana,20,1,19.300118324571574,,
20,dispersao,anos_4,variancia,20,1,1064339.3769347426,,
20,dispersao,anos_4,dp,20,1,1031.6682494555807,,
20,dispersao,anos_4,cv,20,1,4.103723530543989,,
20,dispersao,anos_4,diq,20,1,27.002746992939898,,
20,dispersao,anos_4,exposicao_mediana,20,1,67357100.0,,
20,dispersao,anos_4,variancia_poisson_esperada,20,1,208.67867100731112,,
20,dispersao,anos_4,razao_var_obs_poisson,20,1,5100.374522211966,,
20,dispersao,anos_5,media,36,1,185.9404216308772,,
20,dispersao,anos_5,mediana,36,1,65.96751045178391,,
20,dispersao,anos_5,variancia,36,1,93330.73660708244,,
20,dispersao,anos_5,dp,36,1,305.5007964098988,,
20,dispersao,anos_5,cv,36,1,1.643003676824875,,
20,dispersao,anos_5,diq,36,1,135.84478846940004,,
20,dispersao,anos_5,exposicao_mediana,36,1,120415326.82499999,,
20,dispersao,anos_5,variancia_poisson_esperada,36,1,216.3374901157108,,
20,dispersao,anos_5,razao_var_obs_poisson,36,1,431.41268097898023,,
20,dispersao,anos_6,media,20,1,95.88982747742926,,
20,dispersao,anos_6,mediana,20,1,14.717675357330842,,
20,dispersao,anos_6,variancia,20,1,47812.585502842594,,
20,dispersao,anos_6,dp,20,1,218.66089157149844,,
20,dispersao,anos_6,cv,20,1,2.2803346019468775,,
20,dispersao,anos_6,diq,20,1,64.3812136404891,,
20,dispersao,anos_6,exposicao_mediana,20,1,65204257.000000015,,
20,dispersao,anos_6,variancia_poisson_esperada,20,1,126.73632302123329,,
20,dispersao,anos_6,razao_var_obs_poisson,20,1,377.2603178240552,,
20,dispersao,anos_7,media,87,1,63.3964811650938,,
20,dispersao,anos_7,mediana,87,1,37.80326597180241,,
20,dispersao,anos_7,variancia,87,1,12681.007289526658,,
20,dispersao,anos_7,dp,87,1,112.60997864100081,,
20,dispersao,anos_7,cv,87,1,1.7762812157941035,,
20,dispersao,anos_7,diq,87,1,44.18957007142551,,
20,dispersao,anos_7,exposicao_mediana,87,1,222349969.9999999,,
20,dispersao,anos_7,variancia_poisson_esperada,87,1,34.403936772164386,,
20,dispersao,anos_7,razao_var_obs_poisson,87,1,368.5917508076179,,
20,dispersao,anos_8,media,1021,1,47.97888884088376,,
20,dispersao,anos_8,mediana,1021,1,33.89003675128011,,
20,dispersao,anos_8,variancia,1021,1,3679.4682744692204,,
20,dispersao,anos_8,dp,1021,1,60.65862077618663,,
20,dispersao,anos_8,cv,1021,1,1.264277315328283,,
20,dispersao,anos_8,diq,1021,1,32.90495593849443,,
20,dispersao,anos_8,exposicao_mediana,1021,1,237255547.9999998,,
20,dispersao,anos_8,variancia_poisson_esperada,1021,1,33.76117342428831,,
20,dispersao,anos_8,razao_var_obs_poisson,1021,1,108.98520108374416,,
20,teste_dispersao,todos,brown_forsythe_classes,1206,8,93.7995359193737,1.3925501209733006e-38,"gl=2,1203"
20,teste_dispersao,todos,brown_forsythe_anos,1206,8,37.066080109948864,3.635033379786863e-47,"gl=7,1198"
20,teste_dispersao,todos,spearman_c_desvio_abs,1206,8,-0.20497550365743472,6.605926930253379e-13,
20,associacao,todos,pearson,1206,8,-0.36664819991447206,1.1236931409745867e-39,
20,associacao,todos,spearman,1206,8,-0.06111600001624221,0.033821816414679365,
20,associacao,todos,pearson_ponderado,1206,8,-0.2455271501392848,2.9399304718000718e-08,
20,associacao,anos_1_3,pearson,22,3,0.2591144504744739,0.2442484660546299,
20,associacao,anos_1_3,spearman,22,3,0.2475688239270954,0.26664461073858753,
20,associacao,anos_1_3,pearson_ponderado,22,3,0.26702766140532513,0.5226141231515377,
20,associacao,anos_4_6,pearson,76,3,-0.09906360105093627,0.39454691655384233,
20,associacao,anos_4_6,spearman,76,3,0.026094261597531105,0.8229499554183306,
20,associacao,anos_4_6,pearson_ponderado,76,3,-0.10896036005163176,0.6772061180119937,
20,associacao,anos_7_9,pearson,1108,2,-0.06260100488952304,0.03720854977171192,
20,associacao,anos_7_9,spearman,1108,2,-0.0195071885651805,0.5165598201422854,
20,associacao,anos_7_9,pearson_ponderado,1108,2,-0.02791666547670074,0.5417639441417077,
