tipo,br,ano,motivo,valor,detalhe
sinistros_ingeridos,101,2017,,13946,
sinistros_ingeridos,101,2018,,11207,
sinistros_ingeridos,101,2019,,11367,
sinistros_ingeridos,101,2020,,10538,
sinistros_ingeridos,101,2021,,11185,
sinistros_ingeridos,101,2022,,10756,
sinistros_ingeridos,101,2023,,11634,
sinistros_ingeridos,101,2024,,12778,
sinistros_ingeridos,101,2025,,13011,
sinistros_ingeridos,116,2017,,13417,
sinistros_ingeridos,116,2018,,9968,
sinistros_ingeridos,116,2019,,9624,
sinistros_ingeridos,116,2020,,9155,
sinistros_ingeridos,116,2021,,9704,
sinistros_ingeridos,116,2022,,9829,
sinistros_ingeridos,116,2023,,10804,
sinistros_ingeridos,116,2024,,11478,
sinistros_ingeridos,116,2025,,11018,
sinistros_ingeridos,163,2017,,2774,
sinistros_ingeridos,163,2018,,2133,
sinistros_ingeridos,163,2019,,2023,
sinistros_ingeridos,163,2020,,2056,
sinistros_ingeridos,163,2021,,2088,
sinistros_ingeridos,163,2022,,2219,
sinistros_ingeridos,163,2023,,2304,
sinistros_ingeridos,163,2024,,2516,
sinistros_ingeridos,163,2025,,2518,
sinistros_ingeridos,153,2017,,3708,
sinistros_ingeridos,153,2018,,2834,
sinistros_ingeridos,153,2019,,2615,
sinistros_ingeridos,153,2020,,2547,
sinistros_ingeridos,153,2021,,2425,
sinistros_ingeridos,153,2022,,2460,
sinistros_ingeridos,153,2023,,2550,
sinistros_ingeridos,153,2024,,2738,
sinistros_ingeridos,153,2025,,2787,
sinistros_ingeridos,364,2017,,3002,
sinistros_ingeridos,364,2018,,2436,
sinistros_ingeridos,364,2019,,2171,
sinistros_ingeridos,364,2020,,2175,
sinistros_ingeridos,364,2021,,2150,
sinistros_ingeridos,364,2022,,2006,
sinistros_ingeridos,364,2023,,2059,
sinistros_ingeridos,364,2024,,2256,
sinistros_ingeridos,364,2025,,2261,
sinistros_ingeridos,381,2017,,4982,
sinistros_ingeridos,381,2018,,3550,
sinistros_ingeridos,381,2019,,3276,
sinistros_ingeridos,381,2020,,3032,
sinistros_ingeridos,381,2021,,2946,
sinistros_ingeridos,381,2022,,3038,
sinistros_ingeridos,381,2023,,3287,
sinistros_ingeridos,381,2024,,3469,
sinistros_ingeridos,381,2025,,3493,
sinistros_ingeridos,050,2017,,885,
sinistros_ingeridos,050,2018,,743,
sinistros_ingeridos,050,2019,,687,
sinistros_ingeridos,050,2020,,762,
sinistros_ingeridos,050,2021,,838,
sinistros_ingeridos,050,2022,,809,
sinistros_ingeridos,050,2023,,844,
sinistros_ingeridos,050,2024,,790,
sinistros_ingeridos,050,2025,,749,
sinistros_ingeridos,376,2017,,2738,
sinistros_ingeridos,376,2018,,2088,
sinistros_ingeridos,376,2019,,1833,
sinistros_ingeridos,376,2020,,1629,
sinistros_ingeridos,376,2021,,1730,
sinistros_ingeridos,376,2022,,1731,
sinistros_ingeridos,376,2023,,1732,
sinistros_ingeridos,376,2024,,1831,
sinistros_ingeridos,376,2025,,1761,
sinistros_ingeridos,158,2017,,1008,
sinistros_ingeridos,158,2018,,737,
sinistros_ingeridos,158,2019,,692,
sinistros_ingeridos,158,2020,,621,
sinistros_ingeridos,158,2021,,662,
sinistros_ingeridos,158,2022,,679,
sinistros_ingeridos,158,2023,,723,
sinistros_ingeridos,158,2024,,708,
sinistros_ingeridos,158,2025,,683,
sinistros_ingeridos,135,2017,,892,
sinistros_ingeridos,135,2018,,544,
sinistros_ingeridos,135,2019,,522,
sinistros_ingeridos,135,2020,,622,
sinistros_ingeridos,135,2021,,554,
sinistros_ingeridos,135,2022,,536,
sinistros_ingeridos,135,2023,,509,
sinistros_ingeridos,135,2024,,534,
sinistros_ingeridos,135,2025,,558,
total_ano,,2017,,47352,
total_ano,,2018,,36240,
total_ano,,2019,,34810,
total_ano,,2020,,33137,
total_ano,,2021,,34282,
total_ano,,2022,,34063,
total_ano,,2023,,36446,
total_ano,,2024,,39098,
total_ano,,2025,,38839,
quarentena,,,fora_da_caixa_brasil,20,
grau_inteiro_excluido,,,,226,
ufs_atravessadas,101,,,11,"AL,BA,ES,PB,PE,RJ,RN,RS,SC,SE,SP"
ufs_atravessadas,116,,,10,"BA,CE,MG,PB,PE,PR,RJ,RS,SC,SP"
ufs_atravessadas,163,,,5,"MS,MT,PA,PR,SC"
ufs_atravessadas,153,,,8,"GO,MG,PA,PR,RS,SC,SP,TO"
ufs_atravessadas,364,,,5,"AC,GO,MG,MT,RO"
ufs_atravessadas,381,,,2,"MG,SP"
ufs_atravessadas,050,,,2,"GO,MG"
ufs_atravessadas,376,,,2,"MS,PR"
ufs_atravessadas,158,,,8,"GO,MS,MT,PA,PR,RS,SC,SP"
ufs_atravessadas,135,,,4,"BA,MA,MG,PI"
