tamanho_km,piso,n,ilhas,moran_bruta_I,moran_bruta_EI,moran_bruta_p_sim,moran_bruta_z_sim,moran_rate_I,moran_rate_EI,moran_rate_p_sim,moran_rate_z_sim,moran_anos_I,moran_anos_EI,moran_anos_p_sim,moran_anos_z_sim,moran_anos_constante,moran_bv_I,moran_bv_p_sim,moran_bv_z_sim,pearson_r,pearson_p,fdr_cutoff,lisa_alto_alto_antes,lisa_baixo_baixo_antes,lisa_alto_baixo_antes,lisa_baixo_alto_antes,lisa_alto_alto_depois,lisa_baixo_baixo_depois,lisa_alto_baixo_depois,lisa_baixo_alto_depois
5,sem_piso,4540,6,0.40636472919751654,-0.0002203128442388191,0.0001,27.066537729940904,0.4417463718456504,-0.0002203128442388191,0.0001,29.654594744136762,0.7795437510316627,-0.0002203128442388191,0.0001,51.75862635249496,False,-0.33008281428315167,0.0001,-24.185226273780803,-0.36229748437261206,7.16787268329594e-141,0.000473568281938326,207,570,4,13,3,36,4,0
5,p10,4087,6,0.549642671436099,-0.0002447381302006853,0.0001,34.088506274221075,0.5499947065019165,-0.0002447381302006853,0.0001,34.5559547127368,0.758270550008358,-0.0002447381302006853,0.0001,47.2423795251551,False,-0.26746811812440946,0.0001,-19.428693810484752,-0.2905898618691198,2.370346457790549e-80,0.0004037191093711769,185,440,3,14,3,27,3,0
5,p25,3405,7,0.5066941132586883,-0.0002937720329024677,0.0001,28.86801044928674,0.5070172784011641,-0.0002937720329024677,0.0001,28.89468694619238,0.752058500002928,-0.0002937720329024677,0.0001,42.485323025668926,False,-0.2242449609632886,0.0001,-14.568880721252214,-0.2387273357633609,2.4825065000302665e-45,0.0007048458149779736,151,321,3,14,3,42,3,0
5,anos_completos,3479,16,0.32506029062104597,-0.0002875215641173088,0.0001,18.86235642506907,0.32508045185875367,-0.0002875215641173088,0.0001,18.94902299818042,nan,nan,nan,nan,True,nan,nan,nan,nan,nan,0.0006467375682667433,159,419,12,19,1,33,11,0
10,sem_piso,2329,2,0.4337613004162706,-0.000429553264604811,0.0001,20.755938135166858,0.43663724271282184,-0.000429553264604811,0.0001,20.8898749082543,0.6605471541433692,-0.000429553264604811,0.0001,30.862569035640227,False,-0.2757619036336655,0.0001,-15.854281247311034,-0.3921457698781674,1.7858393497781053e-86,0.00045083726921425505,96,267,1,13,3,17,1,0
10,p10,2096,10,0.29885983433492475,-0.00047732696897374703,0.0001,13.218101847274445,0.299732217315301,-0.00047732696897374703,0.0001,13.323492483168362,0.6428340331773855,-0.00047732696897374703,0.0001,28.22125039732597,False,-0.1967989495384892,0.0001,-10.44423743788445,-0.3014521958726943,2.7531477141667775e-45,0.0004293893129770992,92,211,4,18,2,12,4,0
10,p25,1747,11,0.29458874092767623,-0.000572737686139748,0.0001,12.008990506713127,0.29510597598740357,-0.000572737686139748,0.0001,11.751255424916923,0.6216792774333983,-0.000572737686139748,0.0001,24.732831103503912,False,-0.14536067127924268,0.0001,-7.083655985471359,-0.22999157550877333,2.0981836827761498e-22,0.0005437893531768747,74,149,4,17,1,14,4,0
10,anos_completos,1851,18,0.25989688096775315,-0.0005405405405405405,0.0001,10.590748207566117,0.25984589146871223,-0.0005405405405405405,0.0001,10.677939818119341,nan,nan,nan,nan,True,nan,nan,nan,nan,nan,0.0014316585629389521,70,202,15,13,0,38,14,1
20,sem_piso,1206,5,0.10596073135660687,-0.0008298755186721991,0.0093,4.155308378504413,0.10985128039529227,-0.0008298755186721991,0.0084,4.264383261370487,0.43123144091020893,-0.0008298755186721991,0.0001,14.437939161701092,False,-0.12591227741600988,0.0002,-5.158789520645481,-0.36664819991447206,1.1236931409745583e-39,0.0008291873963515755,31,143,0,16,2,18,0,0
20,p10,1085,9,0.18641161976638343,-0.0009225092250922509,0.0005,6.066795209759252,0.18687767236835265,-0.0009225092250922509,0.0005,5.940097429792091,0.5107510677876256,-0.0009225092250922509,0.0001,15.996446995152725,False,-0.13385064129572363,0.0003,-5.016732092917477,-0.22393385189720294,8.476661103478089e-14,0.0010138248847926267,33,114,2,19,1,19,2,0
20,p25,904,10,0.23946581508002424,-0.0011074197120708748,0.0001,6.713032164438697,0.2395004508190474,-0.0011074197120708748,0.0001,6.820561111305905,0.46619952418463584,-0.0011074197120708748,0.0001,13.296067463853477,False,-0.20472978769560196,0.0001,-6.915988317787653,-0.21461458916530657,7.03456145270262e-11,0.0007190265486725664,27,72,2,16,1,10,2,0
20,anos_completos,1021,17,0.20495527337841338,-0.000980392156862745,0.0003,6.060329249222154,0.2056169520776637,-0.000980392156862745,0.0004,6.0332130587217945,nan,nan,nan,nan,True,nan,nan,nan,nan,nan,0.001811949069539667,22,112,8,14,1,28,8,0
