ano,classificacao,acidentes,escopo,harmonizada
2007,com_vitimas_feridas,46360,registro_pleno_2007_2014,1
2007,com_vitimas_fatais,5440,registro_pleno_2007_2014,1
2007,sem_vitimas,75437,registro_pleno_2007_2014,1
2007,ignorado_ou_na,438,registro_pleno_2007_2014,1
2008,com_vitimas_feridas,49630,registro_pleno_2007_2014,1
2008,com_vitimas_fatais,5592,registro_pleno_2007_2014,1
2008,sem_vitimas,85231,registro_pleno_2007_2014,1
2008,ignorado_ou_na,590,registro_pleno_2007_2014,1
2009,com_vitimas_feridas,54903,registro_pleno_2007_2014,1
2009,com_vitimas_fatais,5945,registro_pleno_2007_2014,1
2009,sem_vitimas,97066,registro_pleno_2007_2014,1
2009,ignorado_ou_na,732,registro_pleno_2007_2014,1
2010,com_vitimas_feridas,62276,registro_pleno_2007_2014,1
2010,com_vitimas_fatais,7083,registro_pleno_2007_2014,1
2010,sem_vitimas,113118,registro_pleno_2007_2014,1
2010,ignorado_ou_na,992,registro_pleno_2007_2014,1
2011,com_vitimas_feridas,65258,registro_pleno_2007_2014,1
2011,com_vitimas_fatais,7158,registro_pleno_2007_2014,1
2011,sem_vitimas,118745,registro_pleno_2007_2014,1
2011,ignorado_ou_na,1165,registro_pleno_2007_2014,1
2012,com_vitimas_feridas,63768,registro_pleno_2007_2014,1
2012,com_vitimas_fatais,7003,registro_pleno_2007_2014,1
2012,sem_vitimas,112423,registro_pleno_2007_2014,1
2012,ignorado_ou_na,1374,registro_pleno_2007_2014,1
2013,com_vitimas_feridas,64268,registro_pleno_2007_2014,1
2013,com_vitimas_fatais,6887,registro_pleno_2007_2014,1
2013,sem_vitimas,114055,registro_pleno_2007_2014,1
2013,ignorado_ou_na,1538,registro_pleno_2007_2014,1
2014,com_vitimas_feridas,62476,registro_pleno_2007_2014,1
2014,com_vitimas_fatais,6741,registro_pleno_2007_2014,1
2014,sem_vitimas,98312,registro_pleno_2007_2014,1
2014,ignorado_ou_na,1672,registro_pleno_2007_2014,1
2015,com_vitimas_feridas,56574,registro_transicao_2015,1
2015,com_vitimas_fatais,5648,registro_transicao_2015,1
2015,sem_vitimas,58411,registro_transicao_2015,1
2015,ignorado_ou_na,1528,registro_transicao_2015,1
2016,com_vitimas_feridas,54873,registro_reduzido_2016_2017,1
2016,com_vitimas_fatais,5355,registro_reduzido_2016_2017,1
2016,sem_vitimas,34478,registro_reduzido_2016_2017,1
2016,ignorado_ou_na,1657,registro_reduzido_2016_2017,1
2017,com_vitimas_feridas,53699,registro_reduzido_2016_2017,1
2017,com_vitimas_fatais,5184,registro_reduzido_2016_2017,1
2017,sem_vitimas,30683,registro_reduzido_2016_2017,1
2017,ignorado_ou_na,1,registro_reduzido_2016_2017,1
2018,com_vitimas_feridas,49571,registro_transicao_2018,1
2018,com_vitimas_fatais,4508,registro_transicao_2018,1
2018,sem_vitimas,15253,registro_transicao_2018,1
2018,ignorado_ou_na,1,registro_transicao_2018,1
2019,com_vitimas_feridas,51275,registro_minimo_2019_2025,1
2019,com_vitimas_fatais,4599,registro_minimo_2019_2025,1
2019,sem_vitimas,11683,registro_minimo_2019_2025,1
2019,ignorado_ou_na,1,registro_minimo_2019_2025,1
2020,com_vitimas_feridas,47456,registro_minimo_2019_2025,1
2020,com_vitimas_fatais,4525,registro_minimo_2019_2025,1
2020,sem_vitimas,11602,registro_minimo_2019_2025,1
2020,ignorado_ou_na,2,registro_minimo_2019_2025,1
2021,com_vitimas_feridas,48210,registro_minimo_2019_2025,1
2021,com_vitimas_fatais,4665,registro_minimo_2019_2025,1
2021,sem_vitimas,11691,registro_minimo_2019_2025,1
2021,ignorado_ou_na,1,registro_minimo_2019_2025,1
2022,com_vitimas_feridas,48435,registro_minimo_2019_2025,1
2022,com_vitimas_fatais,4664,registro_minimo_2019_2025,1
2022,sem_vitimas,11506,registro_minimo_2019_2025,1
2022,ignorado_ou_na,1,registro_minimo_2019_2025,1
2023,com_vitimas_feridas,51944,registro_minimo_2019_2025,1
2023,com_vitimas_fatais,4858,registro_minimo_2019_2025,1
2023,sem_vitimas,10963,registro_minimo_2019_2025,1
2023,ignorado_ou_na,1,registro_minimo_2019_2025,1
2024,com_vitimas_feridas,56154,registro_minimo_2019_2025,1
2024,com_vitimas_fatais,5222,registro_minimo_2019_2025,1
2024,sem_vitimas,11779,registro_minimo_2019_2025,1
2024,ignorado_ou_na,1,registro_minimo_2019_2025,1
2025,com_vitimas_feridas,56181,registro_minimo_2019_2025,1
2025,com_vitimas_fatais,5209,registro_minimo_2019_2025,1
2025,sem_vitimas,11138,registro_minimo_2019_2025,1
2025,ignorado_ou_na,1,registro_minimo_2019_2025,1
