ano,indicador,valor,escopo,harmonizada
2007,acidentes_com_vitima,51800,com_vitima_harmonizado_2007_2025,1
2007,acidentes_fatais,5440,com_vitima_harmonizado_2007_2025,1
2007,mortos,6742,com_vitima_harmonizado_2007_2025,1
2007,feridos,81307,com_vitima_harmonizado_2007_2025,1
2007,mortos_por_100_acidentes_com_vitima,13.02,com_vitima_harmonizado_2007_2025,1
2008,acidentes_com_vitima,55222,com_vitima_harmonizado_2007_2025,1
2008,acidentes_fatais,5592,com_vitima_harmonizado_2007_2025,1
2008,mortos,6914,com_vitima_harmonizado_2007_2025,1
2008,feridos,84639,com_vitima_harmonizado_2007_2025,1
2008,mortos_por_100_acidentes_com_vitima,12.52,com_vitima_harmonizado_2007_2025,1
2009,acidentes_com_vitima,60848,com_vitima_harmonizado_2007_2025,1
2009,acidentes_fatais,5945,com_vitima_harmonizado_2007_2025,1
2009,mortos,7341,com_vitima_harmonizado_2007_2025,1
2009,feridos,93518,com_vitima_harmonizado_2007_2025,1
2009,mortos_por_100_acidentes_com_vitima,12.06,com_vitima_harmonizado_2007_2025,1
2010,acidentes_com_vitima,69359,com_vitima_harmonizado_2007_2025,1
2010,acidentes_fatais,7083,com_vitima_harmonizado_2007_2025,1
2010,mortos,8623,com_vitima_harmonizado_2007_2025,1
2010,feridos,103219,com_vitima_harmonizado_2007_2025,1
2010,mortos_por_100_acidentes_com_vitima,12.43,com_vitima_harmonizado_2007_2025,1
2011,acidentes_com_vitima,72416,com_vitima_harmonizado_2007_2025,1
2011,acidentes_fatais,7158,com_vitima_harmonizado_2007_2025,1
2011,mortos,8675,com_vitima_harmonizado_2007_2025,1
2011,feridos,106827,com_vitima_harmonizado_2007_2025,1
2011,mortos_por_100_acidentes_com_vitima,11.98,com_vitima_harmonizado_2007_2025,1
2012,acidentes_com_vitima,70771,com_vitima_harmonizado_2007_2025,1
2012,acidentes_fatais,7003,com_vitima_harmonizado_2007_2025,1
2012,mortos,8663,com_vitima_harmonizado_2007_2025,1
2012,feridos,104468,com_vitima_harmonizado_2007_2025,1
2012,mortos_por_100_acidentes_com_vitima,12.24,com_vitima_harmonizado_2007_2025,1
2013,acidentes_com_vitima,71155,com_vitima_harmonizado_2007_2025,1
2013,acidentes_fatais,6887,com_vitima_harmonizado_2007_2025,1
2013,mortos,8426,com_vitima_harmonizado_2007_2025,1
2013,feridos,103810,com_vitima_harmonizado_2007_2025,1
2013,mortos_por_100_acidentes_com_vitima,11.84,com_vitima_harmonizado_2007_2025,1
2014,acidentes_com_vitima,69217,com_vitima_harmonizado_2007_2025,1
2014,acidentes_fatais,6741,com_vitima_harmonizado_2007_2025,1
2014,mortos,8234,com_vitima_harmonizado_2007_2025,1
2014,feridos,100832,com_vitima_harmonizado_2007_2025,1
2014,mortos_por_100_acidentes_com_vitima,11.90,com_vitima_harmonizado_2007_2025,1
2015,acidentes_com_vitima,62222,com_vitima_harmonizado_2007_2025,1
2015,acidentes_fatais,5648,com_vitima_harmonizado_2007_2025,1
2015,mortos,6867,com_vitima_harmonizado_2007_2025,1
2015,feridos,90251,com_vitima_harmonizado_2007_2025,1
2015,mortos_por_100_acidentes_com_vitima,11.04,com_vitima_harmonizado_2007_2025,1
2016,acidentes_com_vitima,60228,com_vitima_harmonizado_2007_2025,1
2016,acidentes_fatais,5355,com_vitima_harmonizado_2007_2025,1
2016,mortos,6398,com_vitima_harmonizado_2007_2025,1
2016,feridos,86672,com_vitima_harmonizado_2007_2025,1
2016,mortos_por_100_acidentes_com_vitima,10.62,com_vitima_harmonizado_2007_2025,1
2017,acidentes_com_vitima,58883,com_vitima_harmonizado_2007_2025,1
2017,acidentes_fatais,5184,com_vitima_harmonizado_2007_2025,1
2017,mortos,6248,com_vitima_harmonizado_2007_2025,1
2017,feridos,84319,com_vitima_harmonizado_2007_2025,1
2017,mortos_por_100_acidentes_com_vitima,10.61,com_vitima_harmonizado_2007_2025,1
2018,acidentes_com_vitima,54079,com_vitima_harmonizado_2007_2025,1
2018,acidentes_fatais,4508,com_vitima_harmonizado_2007_2025,1
2018,mortos,5274,com_vitima_harmonizado_2007_2025,1
2018,feridos,76695,com_vitima_harmonizado_2007_2025,1
2018,mortos_por_100_acidentes_com_vitima,9.75,com_vitima_harmonizado_2007_2025,1
2019,acidentes_com_vitima,55874,com_vitima_harmonizado_2007_2025,1
2019,acidentes_fatais,4599,com_vitima_harmonizado_2007_2025,1
2019,mortos,5340,com_vitima_harmonizado_2007_2025,1
2019,feridos,79195,com_vitima_harmonizado_2007_2025,1
2019,mortos_por_100_acidentes_com_vitima,9.56,com_vitima_harmonizado_2007_2025,1
2020,acidentes_com_vitima,51981,com_vitima_harmonizado_2007_2025,1
2020,acidentes_fatais,4525,com_vitima_harmonizado_2007_2025,1
2020,mortos,5292,com_vitima_harmonizado_2007_2025,1
2020,feridos,71518,com_vitima_harmonizado_2007_2025,1
2020,mortos_por_100_acidentes_com_vitima,10.18,com_vitima_harmonizado_2007_2025,1
2021,acidentes_com_vitima,52875,com_vitima_harmonizado_2007_2025,1
2021,acidentes_fatais,4665,com_vitima_harmonizado_2007_2025,1
2021,mortos,5397,com_vitima_harmonizado_2007_2025,1
2021,feridos,71873,com_vitima_harmonizado_2007_2025,1
2021,mortos_por_100_acidentes_com_vitima,10.21,com_vitima_harmonizado_2007_2025,1
2022,acidentes_com_vitima,53099,com_vitima_harmonizado_2007_2025,1
2022,acidentes_fatais,4664,com_vitima_harmonizado_2007_2025,1
2022,mortos,5441,com_vitima_harmonizado_2007_2025,1
2022,feridos,73065,com_vitima_harmonizado_2007_2025,1
2022,mortos_por_100_acidentes_com_vitima,10.25,com_vitima_harmonizado_2007_2025,1
2023,acidentes_com_vitima,56802,com_vitima_harmonizado_2007_2025,1
2023,acidentes_fatais,4858,com_vitima_harmonizado_2007_2025,1
2023,mortos,5627,com_vitima_harmonizado_2007_2025,1
2023,feridos,78463,com_vitima_harmonizado_2007_2025,1
2023,mortos_por_100_acidentes_com_vitima,9.91,com_vitima_harmonizado_2007_2025,1
2024,acidentes_com_vitima,61376,com_vitima_harmonizado_2007_2025,1
2024,acidentes_fatais,5222,com_vitima_harmonizado_2007_2025,1
2024,mortos,6160,com_vitima_harmonizado_2007_2025,1
2024,feridos,84526,com_vitima_harmonizado_2007_2025,1
2024,mortos_por_100_acidentes_com_vitima,10.04,com_vitima_harmonizado_2007_2025,1
2025,acidentes_com_vitima,61390,com_vitima_harmonizado_2007_2025,1
2025,acidentes_fatais,5209,com_vitima_harmonizado_2007_2025,1
2025,mortos,6043,com_vitima_harmonizado_2007_2025,1
2025,feridos,83550,com_vitima_harmonizado_2007_2025,1
2025,mortos_por_100_acidentes_com_vitima,9.84,com_vitima_harmonizado_2007_2025,1
