ano,serie,indice,escopo,harmonizada
2007,todos_os_registros,66.4,registro_pleno_2007_2014,1
2007,acidentes_com_vitima,71.5,com_vitima_harmonizado_2007_2025,1
2007,mortos,77.7,com_vitima_harmonizado_2007_2025,1
2008,todos_os_registros,73.3,registro_pleno_2007_2014,1
2008,acidentes_com_vitima,76.3,com_vitima_harmonizado_2007_2025,1
2008,mortos,79.7,com_vitima_harmonizado_2007_2025,1
2009,todos_os_registros,82.5,registro_pleno_2007_2014,1
2009,acidentes_com_vitima,84.0,com_vitima_harmonizado_2007_2025,1
2009,mortos,84.6,com_vitima_harmonizado_2007_2025,1
2010,todos_os_registros,95.4,registro_pleno_2007_2014,1
2010,acidentes_com_vitima,95.8,com_vitima_harmonizado_2007_2025,1
2010,mortos,99.4,com_vitima_harmonizado_2007_2025,1
2011,todos_os_registros,100.0,registro_pleno_2007_2014,1
2011,acidentes_com_vitima,100.0,com_vitima_harmonizado_2007_2025,1
2011,mortos,100.0,com_vitima_harmonizado_2007_2025,1
2012,todos_os_registros,96.0,registro_pleno_2007_2014,1
2012,acidentes_com_vitima,97.7,com_vitima_harmonizado_2007_2025,1
2012,mortos,99.9,com_vitima_harmonizado_2007_2025,1
2013,todos_os_registros,97.1,registro_pleno_2007_2014,1
2013,acidentes_com_vitima,98.3,com_vitima_harmonizado_2007_2025,1
2013,mortos,97.1,com_vitima_harmonizado_2007_2025,1
2014,todos_os_registros,88.0,registro_pleno_2007_2014,1
2014,acidentes_com_vitima,95.6,com_vitima_harmonizado_2007_2025,1
2014,mortos,94.9,com_vitima_harmonizado_2007_2025,1
2015,todos_os_registros,63.5,registro_transicao_2015,1
2015,acidentes_com_vitima,85.9,com_vitima_harmonizado_2007_2025,1
2015,mortos,79.2,com_vitima_harmonizado_2007_2025,1
2016,todos_os_registros,50.1,registro_reduzido_2016_2017,1
2016,acidentes_com_vitima,83.2,com_vitima_harmonizado_2007_2025,1
2016,mortos,73.8,com_vitima_harmonizado_2007_2025,1
2017,todos_os_registros,46.6,registro_reduzido_2016_2017,1
2017,acidentes_com_vitima,81.3,com_vitima_harmonizado_2007_2025,1
2017,mortos,72.0,com_vitima_harmonizado_2007_2025,1
2018,todos_os_registros,36.0,registro_transicao_2018,1
2018,acidentes_com_vitima,74.7,com_vitima_harmonizado_2007_2025,1
2018,mortos,60.8,com_vitima_harmonizado_2007_2025,1
2019,todos_os_registros,35.1,registro_minimo_2019_2025,1
2019,acidentes_com_vitima,77.2,com_vitima_harmonizado_2007_2025,1
2019,mortos,61.6,com_vitima_harmonizado_2007_2025,1
2020,todos_os_registros,33.1,registro_minimo_2019_2025,1
2020,acidentes_com_vitima,71.8,com_vitima_harmonizado_2007_2025,1
2020,mortos,61.0,com_vitima_harmonizado_2007_2025,1
2021,todos_os_registros,33.6,registro_minimo_2019_2025,1
2021,acidentes_com_vitima,73.0,com_vitima_harmonizado_2007_2025,1
2021,mortos,62.2,com_vitima_harmonizado_2007_2025,1
2022,todos_os_registros,33.6,registro_minimo_2019_2025,1
2022,acidentes_com_vitima,73.3,com_vitima_harmonizado_2007_2025,1
2022,mortos,62.7,com_vitima_harmonizado_2007_2025,1
2023,todos_os_registros,35.2,registro_minimo_2019_2025,1
2023,acidentes_com_vitima,78.4,com_vitima_harmonizado_2007_2025,1
2023,mortos,64.9,com_vitima_harmonizado_2007_2025,1
2024,todos_os_registros,38.0,registro_minimo_2019_2025,1
2024,acidentes_com_vitima,84.8,com_vitima_harmonizado_2007_2025,1
2024,mortos,71.0,com_vitima_harmonizado_2007_2025,1
2025,todos_os_registros,37.7,registro_minimo_2019_2025,1
2025,acidentes_com_vitima,84.8,com_vitima_harmonizado_2007_2025,1
2025,mortos,69.7,com_vitima_harmonizado_2007_2025,1
